level,name,damage_dice,upcast_dice,nb_attack_rolls,level_scaling_dice,type,effect,save_miss,is_aoe,is_buff,healing_dice,healing_upcast_dice,is_oob_only,is_skipped,school,ritual,book,page,bard,cleric,druid,paladin,ranger,sorcerer,wizard,warlock,artificer,alignment,exception,wizard_default,sorcerer_default
0,Acid Splash,1d6,,,1d6,Acid,DEX,Fail,True,,,,,,Conjuration,No,PHB,211,False,False,False,False,False,True,True,False,True,,,,
0,Blade Ward,,,,,,,,,True,,,,,Abjuration,No,PHB_MISSING,218,True,False,False,False,False,True,True,True,False,,,,
0,Chill Touch,1d8,,,1d8,Necrotic,ranged_spell,Miss,,,,,,,Necromancy,No,PHB,221,False,False,False,False,False,True,True,True,False,,,,
0,Dancing Lights,,,,,,,,,,,,,,Evocation,No,PHB,230,True,False,False,False,False,True,True,False,True,,,,
0,Druidcraft,,,,,,,,,,,,,,Transmutation,No,PHB,236,False,False,True,False,False,False,False,False,False,,,,
0,Eldritch Blast,1d10,,1,,Force,ranged_spell,Miss,,,,,,,Evocation,No,PHB,236,False,False,False,False,False,False,False,True,False,,,,
0,Friends,,,,,,,,,,,,,,Enchantment,No,PHB_MISSING,244,True,False,False,False,False,True,True,True,False,,,,
0,Fire Bolt,1d10,,,1d10,Fire,ranged_spell,Miss,,,,,,,Evocation,No,PHB,242,False,False,False,False,False,True,True,False,True,,,True,True
0,Firebolt,1d10,,,1d10,Fire,ranged_spell,Miss,,,,,,,Evocation,No,PHB,242,False,False,False,False,False,True,True,False,True,,,True,True
0,Guidance,,,,,,,,,True,,,,,Divination,No,PHB,248,False,True,True,False,False,False,False,False,True,,,,
0,Lay on Hands,,,,,,,,,,1,,,,Evocation,,,,False,False,False,True,False,False,False,False,False,,,,
0,Light,,,,,,DEX,Fail,,,,,,,Evocation,No,PHB,255,True,True,False,False,False,True,True,False,True,,,,
0,Mage Hand,,,,,,,,,,,,,,Conjuration,No,PHB,256,False,False,False,False,False,True,True,True,True,,,,
0,Mending,,,,,,,,,,,,True,,Transmutation,No,PHB,259,True,True,True,False,False,True,True,False,True,,,,
0,Message,,,,,,,,,,,,,,Transmutation,No,PHB,259,True,False,False,False,False,True,True,False,True,,,,
0,Minor Illusion,,,,,,,,,,,,,,Illusion,No,PHB,260,True,False,False,False,False,True,True,True,False,,,,
0,Poison Spray,1d12,,,1d12,Poison,CON,Fail,,,,,,,Conjuration,No,PHB,266,False,False,True,False,False,True,True,True,True,,,,
0,Prestidigitation,,,,,,,,,,,,,,Transmutation,No,PHB,267,True,False,False,False,False,True,True,True,True,,,,
0,Produce Flame,1d8,,,1d8,Fire,ranged_spell,Miss,,,,,,,Conjuration,No,PHB,268,False,False,True,False,False,False,False,False,False,,,,
0,Ray of Frost,1d8,,,1d8,Cold,ranged_spell,Miss,,,,,,,Evocation,No,PHB,271,False,False,False,False,False,True,True,False,True,,,,
0,Resistance,,,,,,,,,True,,,,,Abjuration,No,PHB,272,False,True,True,False,False,False,False,False,True,,,,
0,Sacred Flame,1d8,,,1d8,Fire,DEX,Fail,,,,,,,Evocation,No,PHB,272,False,True,False,False,False,False,False,False,False,,,,
0,Shillelagh,,,,,Bludgeoning,,,,True,,,,,Transmutation,No,PHB,275,False,False,True,False,False,False,False,False,False,,,,
0,Shocking Grasp,1d8,,,1d8,Lightning,melee_spell,Miss,,,,,,,Evocation,No,PHB,275,False,False,False,False,False,True,True,False,True,,,,
0,Spare the Dying,,,,,,,,,,,,,,Necromancy,No,PHB,277,False,True,False,False,False,False,False,False,True,good,,,
0,Thaumaturgy,,,,,,,,,,,,,,Transmutation,No,PHB,282,False,True,False,False,False,False,False,False,False,,,,
0,Thorn Whip,1d6,,,1d6,Piercing,melee_spell,Miss,,,,,,,Transmutation,No,PHB_MISSING,282,False,False,True,False,False,False,False,False,True,,,,
0,True Strike,,,,,,,,,True,,,,True,Divination,No,PHB,284,True,False,False,False,False,True,True,False,False,,,,
0,Vicious Mockery,1d4,,,1d4,Psychic,WIS,Fail,,,,,,,Enchantment,No,PHB,285,True,False,False,False,False,False,False,False,False,,,,
1,Alarm,,,,,,,,,,,,True,,Abjuration,Yes,PHB,211,False,False,False,False,True,False,True,False,True,,,,
1,Animal Friendship,,,,,,WIS,Fail,,,,,,,Enchantment,No,PHB,212,True,False,True,False,True,False,False,False,False,,,,
1,Armor of Agathys,,,,,Cold,,,,True,,,,,Abjuration,No,PHB_MISSING,215,False,False,False,False,False,False,False,True,False,,,,
1,Arms of Hadar,2d6,1d6,,,Necrotic,STR,Half,True,,,,,,Conjuration,No,PHB_MISSING,215,False,False,False,False,False,False,False,True,False,,,,
1,Bane,,,,,,CHA,Fail,,,,,,True,Enchantment,No,PHB,216,True,True,False,False,False,False,False,False,False,evil,,,
1,Bless,,,,,,,,,True,,,,True,Enchantment,No,PHB,219,False,True,False,True,False,False,False,False,False,good,,,
1,Burning Hands,3d6,1d6,,,Fire,DEX,Half,True,,,,,,Evocation,No,PHB,220,False,False,False,False,False,True,True,False,False,,,,True
1,Charm Person,,,,,,Wis,Fail,,,,,,,Enchantment,No,PHB,221,True,False,True,False,False,True,True,True,False,,,,
1,Chromatic Orb,3d8,1d8,,,Choose,ranged_spell,Miss,,,,,,,Evocation,No,PHB_MISSING,221,False,False,False,False,False,True,True,False,False,,,,
1,Color Spray,,,,,,,,True,,,,,,Illusion,No,PHB,222,False,False,False,False,False,True,True,False,False,,,,
1,Command,,,,,,WIS,Fail,,,,,,,Enchantment,No,PHB,223,False,True,False,True,False,False,False,False,False,,,,
1,Compelled Duel,,,,,,WIS,Fail,,,,,,,Enchantment,No,PHB_MISSING,224,False,False,False,True,False,False,False,False,False,,,,
1,Comprehend Languages,,,,,,,,,,,,,,Divination,Yes,PHB,224,True,False,False,False,False,True,True,True,False,,,,
1,Create or Destroy Water,,,,,,,,,,,,,,Transmutation,No,PHB,229,False,True,True,False,False,False,False,False,False,,,,
1,Cure Wounds,,,,,,,,,,1d8,1d8,,,Evocation,No,PHB,230,True,True,True,True,False,False,False,False,True,,,,
1,Detect Evil and Good,,,,,,,,,,,,,,Divination,No,PHB,231,False,True,False,True,False,False,False,False,False,,,,
1,Detect Magic,,,,,,,,,,,,,,Divination,Yes,PHB,231,True,True,True,True,True,True,True,False,True,,,,
1,Detect Poison and Disease,,,,,,,,,,,,,,Divination,Yes,PHB,231,False,True,True,True,True,False,False,False,False,,,,
1,Disguise Self,,,,,,,,,,,,,,Illusion,No,PHB,233,True,False,False,False,False,True,True,False,True,,,,
1,Dissonant Whispers,3d6,1d6,,,Psychic,WIS,Half,,,,,,,Enchantment,No,PHB_MISSING,234,True,False,False,False,False,False,False,False,False,,,,
1,Divine Favor,,,,,Radiant,,,,True,,,,True,Evocation,No,PHB,234,False,False,False,True,False,False,False,False,False,,,,
1,Ensnaring Strike,1d6,1d6,,,Piercing,STR,Fail,,,,,,,Conjuration,No,PHB_MISSING,237,False,False,False,False,True,False,False,False,False,,,,
1,Entangle,,,,,,STR,Fail,True,,,,,,Conjuration,No,PHB,238,False,False,True,False,False,False,False,False,False,,,,
1,Expeditious Retreat,,,,,,,,,True,,,,,Transmutation,No,PHB,238,False,False,False,False,False,True,True,False,True,,,,
1,Faerie Fire,,,,,,DEX,Fail,,,,,,,Evocation,No,PHB,239,True,False,True,False,False,False,False,False,True,,,,
1,False Life,,,,,,,,,True,,,,True,Necromancy,No,PHB,239,False,False,False,False,False,True,True,False,False,,,,
1,Feather Fall,,,,,,,,,,,,,,Transmutation,No,PHB,239,True,False,False,False,False,True,True,False,True,,,,
1,Find Familiar,,,,,,,,,,,,True,,Conjuration,Yes,PHB,240,False,False,False,False,False,False,True,False,False,,,,
1,Fog Cloud,,,,,,,,True,,,,,,Conjuration,No,PHB,243,False,False,True,False,True,True,True,False,False,,,,
1,Goodberry,,,,,,,,,,,,,,Conjuration,No,PHB,246,False,False,True,False,True,False,False,False,False,,,,
1,Grease,,,,,,DEX,Fail,True,,,,,,Conjuration,No,PHB,246,False,False,False,False,False,False,True,False,True,,,,
1,Guiding Bolt,4d6,1d6,,,Radiant,ranged_spell,Miss,,,,,,,Evocation,No,PHB,248,False,True,False,False,False,False,False,False,False,,,,
1,Hail of Thorns,1d10,1d10,,,Piercing,DEX,Half,True,,,,,,Conjuration,No,PHB_MISSING,249,False,False,False,False,True,False,False,False,False,,,,
1,Healing Word,,,,,,,,,,1d4,1d4,,,Evocation,No,PHB,250,True,True,True,False,False,False,False,False,True,,,,
1,Hellish Rebuke,2d10,1d10,,,Fire,DEX,Half,,,,,,,Evocation,No,PHB,250,False,False,False,False,False,False,False,True,False,,,,
1,Heroism,,,,,,,,,True,,,,,Enchantment,No,PHB,250,True,False,False,True,False,False,False,False,False,,,,
1,Hex,,,,,,,,,,,,,,Enchantment,No,PHB_MISSING,251,False,False,False,False,False,False,False,True,False,,,,
1,Hunter's Mark,,,,,,,,,,,,,,Divination,No,PHB,251,False,False,False,False,True,False,False,False,False,,,,
1,Identify,,,,,,,,,,,,True,,Divination,Yes,PHB,252,True,False,False,False,False,False,True,False,True,,,,
1,Illusory Script,,,,,,,,,,,,True,True,Illusion,Yes,PHB,252,False,False,False,False,False,False,True,False,False,,,,
1,Inflict Wounds,3d10,1d10,,,Necrotic,melee_spell,Miss,,,,,,,Necromancy,No,PHB,253,False,True,False,False,False,False,False,True,False,evil,,,
1,Jump,,,,,,,,,True,,,,True,Transmutation,No,PHB,254,True,False,True,False,True,True,True,False,True,,,,
1,Longstrider,,,,,,,,,True,,,,,Transmutation,No,PHB,256,True,False,True,False,True,False,False,False,True,,,,
1,Mage Armor,,,,,,,,,True,,,,True,Abjuration,No,PHB,256,False,False,False,False,False,True,True,False,False,,,,
1,Magic Missile,1d4+1,,3,,Force,ranged_spell,Auto,,,,,,,Evocation,No,PHB,257,False,False,False,False,False,True,True,False,False,,,True,
1,Protection from Evil and Good,,,,,,,,,,,,,True,Abjuration,No,PHB,270,False,True,False,True,False,False,True,False,False,,,,
1,Purify Food and Drink,,,,,,,,,,,,,,Abjuration,Yes,PHB,270,False,True,True,True,False,False,False,False,True,good,,,
1,Ray of Sickness,2d8,1d8,,,Poison,ranged_spell,Miss,,,,,,,Necromancy,No,PHB_MISSING,271,False,False,False,False,False,True,True,False,True,evil,,,
1,Sanctuary,,,,,,,,,True,,,,,Abjuration,No,PHB,272,False,True,False,False,False,False,False,False,True,good,,,
1,Searing Smite,2d6,1d6,,,Fire,melee_weapon,Miss,,,,,,,Evocation,No,PHB_MISSING,274,False,False,False,True,False,False,False,False,False,,,,
1,Shield,,,,,,,,,True,,,,True,Abjuration,No,PHB,275,False,False,False,False,False,True,True,False,False,,,,
1,Shield of Faith,,,,,,,,,True,,,,True,Abjuration,No,PHB,275,False,True,False,True,False,False,False,False,False,,,,
1,Silent Image,,,,,,,,,,,,,,Illusion,No,PHB,276,True,False,False,False,False,True,True,False,False,,,,
1,Sleep,,,,,,WIS,Fail,True,,,,,,Enchantment,No,PHB,276,True,False,False,False,False,True,True,False,False,,,,
1,Speak with Animals,,,,,,,,,,,,,,Divination,Yes,PHB,277,True,False,True,False,True,False,False,False,False,,,,
1,Hideous Laughter,,,,,,WIS,Fail,,,,,,,Enchantment,No,PHB,280,True,False,False,False,False,False,True,False,False,,,,
1,Floating Disk,,,,,,,,,,,,,,Conjuration,Yes,PHB,282,False,False,False,False,False,False,True,False,False,,,,
1,Thunderous Smite,2d6,,,,Thunder,melee_weapon,Miss,,,,,,,Evocation,No,PHB_MISSING,282,False,False,False,True,False,False,False,False,False,,,,
1,Thunderwave,2d8,1d8,,,Thunder,CON,Half,True,,,,,True,Evocation,No,PHB,282,True,False,False,False,False,True,True,False,False,,,,
1,Unseen Servant,,,,,,,,,,,,,,Conjuration,Yes,PHB,284,True,False,False,False,False,False,True,True,False,,,,
1,Witch Bolt,2d12,1d12,,,Lightning,ranged_spell,Miss,,,,,,,Evocation,No,PHB_MISSING,289,False,False,False,False,False,True,True,True,False,,,,
1,Wrathful Smite,1d6,,,,Psychic,melee_weapon,Miss,,,,,,,Evocation,No,PHB_MISSING,289,False,False,False,True,False,False,False,False,False,,,,
2,Aid,,,,,,,,,True,,,,,Abjuration,No,PHB,211,False,True,False,True,False,False,False,False,True,,,,
2,Alter Self,,,,,,,,,,,,,,Transmutation,No,PHB,211,False,False,False,False,False,True,True,False,True,,,,
2,Animal Messenger,,,,,,,,,,,,,,Enchantment,Yes,PHB,212,True,False,True,False,True,False,False,False,False,,,,
2,Arcane Lock,,,,,,,,,,,,,,Abjuration,No,PHB,215,False,False,False,False,False,False,True,False,True,,,,
2,Augury,,,,,,,,,,,,True,,Divination,Yes,PHB,215,False,True,False,False,False,False,False,False,False,,,,
2,Barkskin,,,,,,,,,True,,,,True,Transmutation,No,PHB,217,False,False,True,False,True,False,True,False,False,,,,
2,Beast Sense,,,,,,,,,,,,,,Divination,Yes,PHB_MISSING,217,False,False,True,False,True,False,False,False,False,,,,
2,Blindness/Deafness,,,,,,CON,Fail,,,,,,,Necromancy,No,PHB,219,True,True,False,False,False,True,True,False,False,evil,,,
2,Blur,,,,,,,,,True,,,,True,Illusion,No,PHB,219,False,False,False,False,False,True,True,False,True,,,,
2,Branding Smite,2d6,1d6,,,Radiant,melee_weapon,Miss,,,,,,,Evocation,No,PHB,219,False,False,False,True,False,False,False,False,False,,,,
2,Calm Emotions,,,,,,CHA,Fail,,,,,,,Enchantment,No,PHB,221,True,True,False,False,False,False,False,False,False,,,,
2,Cloud of Daggers,4d4,2d4,,,Slashing,melee_weapon,Auto,,,,,,,Conjuration,No,PHB_MISSING,222,True,False,False,False,False,True,True,True,False,,,,
2,Continual Flame,,,,,,,,,,,,,True,Evocation,No,PHB,227,False,True,False,False,False,False,True,False,True,,,,
2,Cordon of Arrows,,,,,Piercing,,,,,,,,,Transmutation,No,PHB_MISSING,228,False,False,False,False,True,False,True,False,False,,,,
2,Crown of Madness,,,,,,WIS,Fail,,,,,,,Enchantment,No,PHB_MISSING,229,True,False,False,False,False,True,True,True,False,,,,
2,Darkness,,,,,,,,True,,,,,,Evocation,No,PHB,230,False,False,False,False,False,True,True,True,False,,,,
2,Darkvision,,,,,,,,,,,,,,Transmutation,No,PHB,230,False,False,True,False,False,True,True,False,True,,,,
2,Detect Thoughts,,,,,,,,,,,,,,Divination,No,PHB,231,False,False,False,False,False,False,True,False,False,,,,
2,Enhance Ability,,,,,,,,,True,,,,True,Transmutation,No,PHB,237,True,False,False,False,False,True,False,False,True,,,,
2,Enlarge/Reduce,,,,,,CON,Fail,,True,,,,,Transmutation,No,PHB,237,False,False,False,False,False,True,True,False,True,,,,
2,Enthrall,,,,,,WIS,Fail,True,,,,,,Enchantment,No,PHB,238,True,False,False,False,False,False,False,True,False,,,,
2,Find Steed,,,,,,,,,,,,True,,Conjuration,No,PHB,240,False,False,False,True,False,False,False,False,False,,,,
2,Find Traps,,,,,,,,,,,,,,Divination,No,PHB,241,False,True,True,False,False,False,False,False,False,,,,
2,Flame Blade,3d6,1d6,,,Fire,melee_weapon,Miss,,True,,,,,Evocation,No,PHB,242,False,True,True,False,False,False,False,False,False,,,,
2,Flaming Sphere,2d6,1d6,,,Fire,DEX,Half,,,,,,True,Conjuration,No,PHB,242,False,False,True,False,False,False,True,False,True,,,,
2,Gentle Repose,,,,,,,,,,,,,True,Necromancy,Yes,PHB,245,False,True,False,False,False,False,True,False,False,,,,
2,Gust of Wind,,,,,,STR,Fail,,,,,,,Evocation,No,PHB,248,False,False,True,False,False,True,True,False,False,,,,
2,Heat Metal,2d8,1d8,,,Fire,CON,Fail,,,,,,,Transmutation,No,PHB,250,True,False,True,False,False,False,False,False,True,,,,
2,Hold Person,,,,,,WIS,Fail,,,,,,,Enchantment,No,PHB,251,True,True,True,False,False,True,True,True,False,,,,
2,Invisibility,,,,,,,,,,,,,,Illusion,No,PHB,254,True,False,False,False,False,True,True,True,True,,,,
2,Knock,,,,,,,,,,,,,,Transmutation,No,PHB,254,True,False,False,False,False,True,True,False,False,,,,
2,Lesser Restoration,,,,,,,,,,,,,,Abjuration,No,PHB,255,True,True,True,True,True,False,False,False,True,,,,
2,Levitate,,,,,,CON,Fail,,,,,,,Transmutation,No,PHB,255,False,False,False,False,False,True,True,False,True,,,,
2,Locate Animals or Plants,,,,,,,,,,,,,,Divination,Yes,PHB,256,True,False,True,False,True,False,False,False,False,,,,
2,Locate Object,,,,,,,,,,,,,,Divination,No,PHB,256,True,True,False,False,False,False,False,False,False,,,,
2,Magic Mouth,,,,,,,,,,,,True,True,Illusion,Yes,PHB,257,True,False,False,False,False,False,True,False,True,,,,
2,Magic Weapon,,,,,,,,,True,,,,True,Transmutation,No,PHB,257,False,False,False,True,False,False,True,False,True,,,,
2,Acid Arrow,6d4,1d4,,,Acid,ranged_spell,Half,,,,,,,Evocation,No,PHB,259,False,False,False,False,False,False,True,False,True,,,,
2,Mirror Image,,,,,,,,,True,,,,True,Illusion,No,PHB,260,False,False,False,False,False,True,True,True,False,,,,
2,Misty Step,,,,,,,,,,,,,,Conjuration,No,PHB,260,False,False,False,False,False,True,True,True,False,,,,
2,Moonbeam,2d10,1d10,,,Radiant,CON,Half,True,,,,,,Evocation,No,PHB,261,False,False,True,False,False,False,False,False,False,,thalia moonveil,,
2,Arcanist's Magic Aura,,,,,,,,,,,,,,Illusion,No,PHB,263,False,False,False,False,False,False,True,False,False,,,,
2,Pass Without Trace,,,,,,,,,,,,,,Abjuration,No,PHB,264,False,False,True,False,True,False,False,False,False,,,,
2,Phantasmal Force,,,,,Psychic,WIS,Fail,,,,,,,Illusion,No,PHB_MISSING,264,True,False,False,False,False,True,True,False,False,,,,
2,Prayer of Healing,,,,,,,,True,,2d8,1d8,True,,Evocation,No,PHB,267,False,True,False,False,False,False,False,False,False,good,,,
2,Protection from Poison,,,,,,,,,True,,,,,Abjuration,No,PHB,270,False,True,True,True,True,False,False,False,True,,,,
2,Ray of Enfeeblement,,,,,,ranged_spell,Miss,,,,,,True,Necromancy,No,PHB,271,False,False,False,False,False,False,True,True,False,,,,
2,Rope Trick,,,,,,,,,,,,,,Transmutation,No,PHB,272,False,False,False,False,False,False,True,False,True,,,,
2,Scorching Ray,2d6,,3,,Fire,ranged_spell,Miss,,,,,,,Evocation,No,PHB,273,False,False,False,False,False,True,True,False,False,,,True,True
2,See Invisibility,,,,,,,,,True,,,,,Divination,No,PHB,274,True,False,False,False,False,True,True,False,True,,,,
2,Shatter,3d8,1d8,,,Thunder,CON,Half,True,,,,,,Evocation,No,PHB,275,True,False,False,False,False,True,True,True,False,,,,
2,Silence,,,,,,,,,,,,,,Illusion,Yes,PHB,275,True,True,False,False,True,False,False,False,False,,,,
2,Spider Climb,,,,,,,,,True,,,,,Transmutation,No,PHB,277,False,False,False,False,False,True,True,True,True,,,,
2,Spike Growth,,,,,,,,True,,,,,,Transmutation,No,PHB,277,False,False,True,False,True,False,False,False,False,,,,
2,Spiritual Weapon,,,,,Force,,,,,,,,True,Evocation,No,PHB,278,False,True,False,False,False,False,False,False,False,,,,
2,Suggestion,,,,,,WIS,Fail,,,,,,,Enchantment,No,PHB,279,True,False,False,False,False,True,True,True,False,,,,
2,Warding Bond,,,,,,,,,True,,,,,Abjuration,No,PHB,287,False,False,True,False,False,False,False,False,False,,,,
2,Web,,,,,,DEX,Fail,True,,,,,,Conjuration,No,PHB,287,False,False,False,False,False,True,True,False,True,,,,
2,Zone of Truth,,,,,,CHA,Fail,,,,,,,Enchantment,No,PHB,289,True,True,False,True,False,False,False,False,False,,,,
3,Animate Dead,,,,,,,,,,,,True,,Necromancy,No,PHB,212,False,True,False,False,False,False,True,False,False,evil,,,
3,Aura of Vitality,,,,,,,,,,,,,,Abjuration,No,PHB_MISSING,216,False,False,False,True,False,False,False,False,False,,,,
3,Beacon of Hope,,,,,,,,,True,,,,,Abjuration,No,PHB,217,False,True,False,False,False,False,False,False,False,good,,,
3,Bestow Curse,,,,,,WIS,Fail,,,,,,True,Necromancy,No,PHB,218,True,True,False,False,False,False,True,False,False,evil,,,
3,Blinding Smite,3d8,,,,Radiant,melee_weapon,Miss,,,,,,,Evocation,No,PHB_MISSING,219,False,False,False,True,False,False,False,False,False,,,,
3,Blink,,,,,,,,,,,,,True,Transmutation,No,PHB,219,False,False,False,False,False,True,True,False,True,,,,
3,Call Lightning,3d10,1d10,,,Lightning,DEX,Half,True,,,,,,Conjuration,No,PHB,220,False,False,True,False,False,False,False,False,False,,,,
3,Clairvoyance,,,,,,,,,,,,True,True,Divination,No,PHB,222,True,True,False,False,False,True,True,False,False,,,,
3,Conjure Animals,,,,,,,,,,,,,,Conjuration,No,PHB,225,False,False,True,False,True,False,False,False,False,,,,
3,Conjure Barrage,3d8,,,,Piercing,DEX,Half,True,,,,,,Conjuration,No,PHB_MISSING,225,False,False,False,False,True,False,False,False,False,,,,
3,Counterspell,,,,,,,,,,,,,True,Abjuration,No,PHB,228,False,False,False,False,False,True,True,True,False,,,,
3,Create Food and Water,,,,,,,,,,,,,,Conjuration,No,PHB,229,False,True,False,True,False,False,False,False,True,,,,
3,Crusader's Mantle,,,,,,,,,True,,,,,Evocation,No,PHB_MISSING,230,False,False,False,True,False,False,False,False,False,,,,
3,Daylight,,,,,,,,,,,,,,Evocation,No,PHB,230,False,True,True,False,True,True,False,False,False,good,,,
3,Dispel Magic,,,,,,,,,,,,,,Abjuration,No,PHB,234,True,True,True,True,False,True,True,True,True,,,,
3,Elemental Weapon,,,,,,,,,True,,,,,Transmutation,No,PHB_MISSING,236,False,False,False,True,False,False,False,False,True,,,,
3,Fear,,,,,,WIS,Fail,True,,,,,,Illusion,No,PHB,239,False,False,False,False,False,True,True,True,False,,,,
3,Feign Death,,,,,,,,,,,,,,Necromancy,Yes,PHB_MISSING,240,True,True,False,False,False,False,True,False,False,,,,
3,Fireball,8d6,1d6,,,Fire,DEX,Half,True,,,,,,Evocation,No,PHB,241,False,False,False,False,False,True,True,False,False,,,True,
3,Fly,,,,,,,,,True,,,,,Transmutation,No,PHB,243,False,False,False,False,False,True,True,True,True,,,,
3,Gaseous Form,,,,,,,,,True,,,,,Transmutation,No,PHB,244,False,False,False,False,False,True,True,True,True,,,,
3,Glyph of Warding,,,,,Choose,DEX,Half,True,,,,True,,Abjuration,No,PHB,245,True,True,False,False,False,False,True,False,True,,,,
3,Haste,,,,,,,,,True,,,,,Transmutation,No,PHB,250,False,False,False,False,False,True,True,False,True,,,,
3,Hunger of Hadar,2d6,,,,Cold,DEX,Fail,True,,,,,,Conjuration,No,PHB_MISSING,251,False,False,False,False,False,False,False,True,False,,,,
3,Hypnotic Pattern,,,,,,WIS,Fail,True,,,,,,Illusion,No,PHB,252,True,False,False,False,False,True,True,True,False,,,,
3,Tiny Hut,,,,,,,,,,,,True,,Evocation,Yes,PHB,255,False,False,False,False,False,False,True,False,False,,,,
3,Lightning Arrow,4d8,1d8,,,Lightning,ranged_weapon,Half,True,,,,,,Transmutation,No,PHB_MISSING,255,False,False,False,False,True,False,False,False,False,,,,
3,Lightning Bolt,8d6,1d6,,,LIghtning,DEX,Half,True,,,,,,Evocation,No,PHB,255,False,False,False,False,False,True,True,False,False,,,,True
3,Magic Circle,,,,,,,,,True,,,True,True,Abjuration,No,PHB,256,False,True,False,True,False,False,True,True,False,,,,
3,Major Image,,,,,,,,,,,,,,Illusion,No,PHB,258,True,False,False,False,False,True,True,False,False,,,,
3,Mass Healing Word,,,,,,,,True,,1d4,1d4,,,Evocation,No,PHB,258,False,True,False,False,False,False,False,False,True,,,,
3,Meld into Stone,,,,,,,,,,,,,,Transmutation,Yes,PHB,259,False,True,True,False,False,False,False,False,False,,,,
3,Nondetection,,,,,,,,,,,,,,Abjuration,No,PHB,263,True,False,False,False,False,False,True,False,False,,,,
3,Phantom Steed,,,,,,,,,,,,True,,Illusion,Yes,PHB,265,False,False,False,False,False,False,True,False,False,,,,
3,Plant Growth,,,,,,,,,,,,,,Transmutation,No,PHB,266,True,False,True,False,True,False,False,False,False,,,,
3,Protection from Energy,,,,,,,,,True,,,,,Abjuration,No,PHB,270,False,False,True,False,True,True,True,False,True,,,,
3,Remove Curse,,,,,,,,,,,,,,Abjuration,No,PHB,271,False,True,False,True,False,False,True,False,False,,,,
3,Revivify,,,,,,,,,,,,,,Necromancy,No,PHB,272,False,True,False,True,False,False,False,False,True,,,,
3,Sending,,,,,,,,,,,,,,Evocation,No,PHB,274,True,True,False,False,False,False,True,False,False,,,,
3,Sleet Storm,,,,,,DEX,Fail,True,,,,,,Conjuration,No,PHB,276,False,False,True,False,False,True,True,False,False,,,,
3,Slow,,,,,,WIS,Fail,True,,,,,,Transmutation,No,PHB,277,False,False,False,False,False,True,True,False,False,,,,
3,Speak with Dead,,,,,,,,,,,,,,Necromancy,No,PHB,277,True,True,False,False,False,False,False,False,False,,,,
3,Speak with Plants,,,,,,,,,,,,,,Transmutation,No,PHB,277,True,False,True,False,True,False,False,False,False,,,,
3,Spirit Guardians,,,,,Radiant,WIS,Half,True,,,,,,Conjuration,No,PHB,278,False,True,False,False,False,False,False,False,False,,,,
3,Stinking Cloud,,,,,,CON,Fail,True,,,,,True,Conjuration,No,PHB,278,True,False,False,False,False,True,True,False,False,,,,
3,Tongues,,,,,,,,,,,,,,Divination,No,PHB,283,True,True,False,False,False,True,True,True,False,,,,
3,Vampiric Touch,3d6,1d6,,,Necrotic,melee_weapon,Miss,,,2d6,1d6,,,Necromancy,No,PHB,285,False,False,False,False,False,False,True,True,False,evil,,,
3,Water Breathing,,,,,,,,,,,,,,Transmutation,Yes,PHB,287,False,False,True,False,True,True,True,False,True,,,,
3,Water Walk,,,,,,,,,,,,,,Transmutation,Yes,PHB,287,False,True,True,False,True,True,False,False,True,,,,
3,Wind Wall,3d8,,,,Bludgeoning,STR,Half,True,,,,,,Evocation,No,PHB,288,False,False,True,False,True,False,False,False,False,,,,
4,Arcane Eye,,,,,,,,,,,,,,Divination,No,PHB,214,False,False,False,False,False,False,True,False,True,,,,
4,Aura of Life,,,,,,,,,True,,,,,Abjuration,No,PHB_MISSING,216,False,False,False,True,False,False,False,False,False,,,,
4,Aura of Purity,,,,,,,,,True,,,,,Abjuration,No,PHB_MISSING,216,False,False,False,True,False,False,False,False,False,good,,,
4,Banishment,,,,,,CHA,Fail,,,,,,,Abjuration,No,PHB,217,False,True,False,True,False,True,True,True,False,,,,
4,Blight,8d8,1d8,,,Necrotic,CON,Half,,,,,,True,Necromancy,No,PHB,219,False,False,True,False,False,False,True,True,True,evil,,,
4,Compulsion,,,,,,WIS,Fail,True,,,,,,Enchantment,No,PHB,224,True,False,False,False,False,False,False,False,False,,,,
4,Confusion,,,,,,WIS,Fail,True,,,,,,Enchantment,No,PHB,224,True,False,False,False,False,True,True,False,False,,,,
4,Conjure MInor Elementals,,,,,,,,,,,,True,,Conjuration,No,PHB,226,False,False,True,False,False,False,True,False,False,,,,
4,Conjure Woodland Beings,,,,,,,,,,,,,,Conjuration,No,PHB,226,False,False,True,False,True,False,False,False,False,,,,
4,Control Water,,,,,,,,,,,,,,Transmutation,No,PHB,227,False,True,True,False,False,False,True,False,False,,,,
4,Death Ward,,,,,,,,,True,,,,,Abjuration,No,PHB,230,False,True,False,True,False,False,False,False,True,,,,
4,Dimension Door,,,,,,,,,,,,,,Conjuration,No,PHB,233,True,False,False,False,False,True,True,True,False,,,,
4,Divination,,,,,,,,,,,,,,Divination,Yes,PHB,234,False,True,False,False,False,False,False,False,False,,,,
4,Dominate Beast,,,,,,WIS,Fail,,,,,,,Enchantment,No,PHB,234,False,False,True,False,False,True,False,False,False,,,,
4,Black Tentacles,3d6,,,,Bludgeoning,DEX,Fail,True,,,,,,Conjuration,No,PHB,238,False,False,False,False,False,False,True,False,False,,,,
4,Fabricate,,,,,,,,,,,,True,,Transmutation,No,PHB,239,False,False,False,False,False,False,True,False,True,,,,
4,Fire Shield,,,,,Choose,,,,True,,,,True,Evocation,No,PHB,242,False,False,False,False,False,False,True,False,False,,,,
4,Freedom of Movement,,,,,,,,,,,,,,Abjuration,No,PHB,244,True,True,True,False,True,False,False,False,True,,,,
4,Giant Insect,,,,,,,,,,,,,,Transmutation,No,PHB,245,False,False,True,False,False,False,False,False,False,,,,
4,Grasping Vine,,,,,,DEX,Fail,,,,,,,Conjuration,No,PHB_MISSING,246,False,False,True,False,True,False,False,False,False,,,,
4,Greater Invisibility,,,,,,,,,,,,,,Illusion,No,PHB,246,True,False,False,False,False,True,True,False,False,,,,
4,Guardian of Faith,20,,,,Radiant,DEX,Half,,,,,,,Conjuration,No,PHB,246,False,True,False,False,False,False,False,False,False,good,,,
4,Hallucinatory Terrain,,,,,,,,,,,,True,True,Illusion,No,PHB,249,True,False,True,False,False,False,True,True,False,,,,
4,Ice Storm,5d8,1d8,,,Bludgeoning,DEX,Half,True,,,,,,Evocation,No,PHB,252,False,False,True,False,False,True,True,False,False,,,True,
4,Secret Chest,,,,,,,,,,,,,True,Conjuration,No,PHB,254,False,False,False,False,False,False,True,False,True,,,,
4,Locate Creature,,,,,,,,,,,,,,Divination,No,PHB,256,True,True,True,False,True,False,True,False,False,,,,
4,Faithful Hound,4d8,,,,Piercing,melee_weapon,Miss,,,,,,,Conjuration,No,PHB,261,False,False,False,False,False,False,True,False,True,,,,
4,Private Sanctum,,,,,,,,,,,,True,True,Conjuration,No,PHB,262,False,False,False,False,False,False,True,False,True,,,,
4,Resilient Sphere,,,,,,DEX,Fail,,,,,,,Evocation,No,PHB,264,False,False,False,False,False,False,True,False,True,,,,
4,Phantasmal Killer,4d10,1d10,,,Psychic,WIS,Fail,,,,,,,Illusion,No,PHB,265,False,False,False,False,False,False,True,False,False,,nocturna slumbers,,
4,Polymorph,,,,,,WIS,Fail,,,,,,,Transmutation,No,PHB,266,True,False,False,True,False,True,True,False,False,,,,
4,Staggering Smite,4d6,,,,Psychic,melee_weapon,Miss,,,,,,,Evocation,No,PHB_MISSING,278,False,False,False,True,False,False,False,False,False,,,,
4,Stone Shape,,,,,,,,,,,,,,Transmutation,No,PHB,278,False,True,True,False,False,True,True,False,True,,,,
4,Stoneskin,,,,,,,,,True,,,,True,Abjuration,No,PHB,278,False,False,True,False,True,True,True,False,True,,,,
4,Wall of Fire,5d8,1d8,,,Fire,DEX,Half,True,,,,,,Evocation,No,PHB,285,False,False,True,False,False,True,True,False,False,,,,True
5,Animate Objects,,,,,Nonmagical,,,,,,,,,Transmutation,No,PHB,213,True,False,False,False,False,True,True,False,True,,,,
5,Antilife Shell,,,,,,,,,,,,,,Abjuration,No,PHB,213,False,False,True,False,False,False,False,False,False,evil,,,
5,Awaken,,,,,,,,,,,,True,,Transmutation,No,PHB,216,True,False,True,False,False,False,False,False,False,,,,
5,Banishing Smite,5d10,,,,Force,weapon_attack,Miss,,,,,,,Abjuration,No,PHB_MISSING,216,False,False,False,True,False,False,False,False,False,,,,
5,Arcane Hand,4d8,2d8,,,Force,melee_spell,Miss,,,,,,,Evocation,No,PHB,218,False,False,False,False,False,False,True,False,True,,,,
5,Circle of Power,,,,,,,,,True,,,,,Abjuration,No,PHB_MISSING,221,False,False,False,True,False,False,False,False,False,,,,
5,Cloudkill,5d8,1d8,,,Poison,CON,Half,True,,,,,,Conjuration,No,PHB,222,False,False,False,False,False,False,True,False,True,evil,,,
5,Commune,,,,,,,,,,,,True,,Divination,Yes,PHB,223,False,True,False,False,False,False,False,False,False,good,,,
5,Commune with Nature,,,,,,,,,,,,True,,Divination,Yes,PHB,224,False,False,True,False,True,False,False,False,False,,,,
5,Cone of Cold,8d8,1d8,,,Cold,CON,Half,True,,,,,,Evocation,No,PHB,224,False,False,False,False,False,True,True,False,False,,,True,True
5,Conjure Elemental,,,,,,,,,,,,True,,Conjuration,No,PHB,225,False,False,True,False,False,False,True,False,False,,,,
5,Conjure Volley,8d8,,,,Piercing,DEX,Half,True,,,,,,Conjuration,No,PHB_MISSING,226,False,False,False,False,True,False,False,False,False,,,,
5,Contact Other Plane,,,,,,INT,,,,,,True,True,Divination,Yes,PHB,226,False,False,False,False,False,False,True,True,False,,,,
5,Contagion,,,,,,CON,,,,,,,,Necromancy,No,PHB,227,False,True,True,False,False,False,False,False,False,evil,,,
5,Creation,,,,,,,,,,,,True,,Illusion,No,PHB,229,False,False,False,False,False,True,True,False,True,,,,
5,Destructive Wave,10d6,,,,Thunder,CON,Half,True,,,,,,Evocation,No,PHB_MISSING,231,False,False,False,True,False,False,False,False,False,,,,
5,Dispel Evil and Good,,,,,,,,,,,,,,Abjuration,No,PHB,233,False,True,False,True,False,False,False,False,False,,,,
5,Dominate Person,,,,,,WIS,Fail,,,,,,,Enchantment,No,PHB,235,True,False,False,False,False,True,True,False,False,,,,
5,Dream,,,,,Psychic,,,,,,,True,,Illusion,No,PHB,236,True,False,False,False,False,False,True,True,False,,nocturna slumbers,,
5,Flame Strike,8d6,1d6,,,Fire,DEX,Half,True,,,,,,Evocation,No,PHB,242,False,True,False,False,False,False,False,False,False,,,,
5,Geas,,,,,,WIS,Fail,,,,,True,,Enchantment,No,PHB,244,True,True,True,False,False,False,True,False,False,,,,
5,Greater Restoration,,,,,,,,,,,,,,Abjuration,No,PHB,246,True,True,True,False,False,False,False,False,True,,,,
5,Hallow,,,,,,,,,,,,True,,Evocation,No,PHB,249,False,True,False,False,False,False,False,False,False,good,,,
5,Hold Monster,,,,,,WIS,Fail,,,,,,,Enchantment,No,PHB,251,True,False,False,False,False,True,True,True,False,,,,
5,Insect Plague,4d10,1d10,,,Piercing,CON,Half,True,,,,,,Conjuration,No,PHB,254,False,True,True,False,False,True,False,False,False,,,,
5,Legend Lore,,,,,,,,,,,,True,,Divination,No,PHB,254,True,True,False,False,False,False,True,False,False,,,,
5,Mass Cure Wounds,,,,,,,,True,,3d8,1d8,,,Evocation,No,PHB,258,True,True,True,False,False,False,False,False,False,,,,
5,Mislead,,,,,,,,,True,,,,True,Illusion,No,PHB,260,True,False,False,False,False,False,True,False,False,,,,
5,Modify Memory,,,,,,WIS,Fail,,,,,,,Enchantment,No,PHB,261,True,False,False,False,False,False,True,False,False,,,,
5,Passwall,,,,,,,,,,,,,,Transmutation,No,PHB,264,False,False,False,False,False,False,True,False,False,,,,
5,Planar Binding,,,,,,CHA,Fail,,,,,True,,Abjuration,No,PHB,265,True,True,True,False,False,False,True,False,False,,,,
5,Raise Dead,,,,,,,,,,,,True,,Necromancy,No,PHB,270,True,True,False,True,False,False,False,False,True,good,,,
5,Telepathic Bond,,,,,,,,,,,,,,Divination,Yes,PHB,270,False,False,False,False,False,False,True,False,False,,,,
5,Reincarnate,,,,,,,,,,,,True,,Transmutation,No,PHB,271,False,False,True,False,False,False,False,False,False,,,,
5,Scrying,,,,,,WIS,Fail,,,,,True,,Divination,No,PHB,273,True,True,False,False,False,False,True,True,False,,,,
5,Seeming,,,,,,CHA,Fail,,,,,,True,Illusion,No,PHB,274,True,False,False,False,False,True,True,False,False,,,,
5,Swift Quiver,,,,,,,,,True,,,,,Transmutation,No,PHB_MISSING,279,False,False,False,False,True,False,True,False,False,,,,
5,Telekinesis,,,,,,,,,,,,,,Transmutation,No,PHB,280,False,False,False,False,False,True,True,False,False,,,,
5,Teleportation Circle,,,,,,,,,,,,True,,Conjuration,No,PHB,282,True,False,False,False,False,True,True,False,False,,,,
5,Tree Stride,,,,,,,,,,,,,,Conjuration,No,PHB,283,False,False,True,False,True,False,False,False,False,,,,
5,Wall of Force,,,,,,,,True,,,,,,Evocation,No,PHB,285,False,False,False,False,False,False,True,False,False,,,,
5,Wall of Stone,,,,,,DEX,,True,,,,,,Evocation,No,PHB,287,False,False,True,False,False,True,True,False,True,,,,
6,Arcane Gate,,,,,,,,,,,,,,Conjuration,No,PHB_MISSING,214,False,False,False,False,False,True,True,True,False,,,,
6,Blade Barrier,6d10,,,,Slashing,DEX,Half,True,,,,,,Evocation,No,PHB,218,False,True,False,False,False,False,False,False,False,,,,
6,Chain Lightning,10d8,,,,Lightning,DEX,Half,True,,,,,,Evocation,No,PHB,221,False,False,False,False,False,True,True,False,False,,,True,
6,Circle of Death,8d6,2d6,,,Necrotic,CON,Half,True,,,,,,Necromancy,No,PHB,221,False,False,False,False,False,True,True,True,False,,,,
6,Conjure Fey,,,,,,,,,,,,True,,Conjuration,No,PHB,226,False,False,True,False,False,False,False,True,False,,,,
6,Contingency,,,,,,,,,,,,True,True,Evocation,No,PHB,227,False,False,False,False,False,False,True,False,False,,,,
6,Create Undead,,,,,,,,,,,,True,,Necromancy,No,PHB,229,False,True,False,False,False,False,True,True,False,evil,,,
6,Disintegrate,10d6+40,3d6,,,Force,DEX,Fail,,,,,,,Transmutation,No,PHB,233,False,False,False,False,False,True,True,False,False,,,,True
6,Instant Summons,,,,,,,,,,,,True,True,Conjuration,Yes,PHB,235,False,False,False,False,False,False,True,False,False,,,,
6,Eyebite,,,,,,WIS,Fail,,,,,,True,Necromancy,No,PHB,238,True,False,False,False,False,True,True,True,False,,,,
6,Find the Path,,,,,,,,,,,,True,,Divination,No,PHB,240,True,True,True,False,False,False,False,False,False,,,,
6,Flesh to Stone,,,,,,CON,Fail,,,,,,True,Transmutation,No,PHB,243,False,False,False,False,False,False,True,True,False,,,,
6,Forbiddance,,,,,,,,True,,,,True,,Abjuration,Yes,PHB,243,False,True,False,False,False,False,False,False,False,,,,
6,Globe of Invulnerability,,,,,,,,,True,,,,,Abjuration,No,PHB,245,False,False,False,False,False,True,True,False,False,,,,
6,Guards and Wards,,,,,,,,,,,,True,,Abjuration,No,PHB,248,True,False,False,False,False,False,True,False,False,,,,
6,Harm,14d6,,,,Necrotic,CON,Half,,,,,,,Necromancy,No,PHB,249,False,True,False,False,False,False,False,False,False,,,,
6,Heal,,,,,,,,,,70,10,,,Evocation,No,PHB,250,False,True,True,False,False,False,False,False,False,,,,
6,Heroes' Feast,,,,,,,,,True,,,True,,Conjuration,No,PHB,250,False,True,True,False,False,False,False,False,False,,,,
6,Magic Jar,,,,,,,,,,,,True,True,Necromancy,No,PHB,257,False,False,False,False,False,False,True,False,False,,,,
6,Mass Suggestion,,,,,,WIS,Fail,True,,,,,,Enchantment,No,PHB,258,True,False,False,False,False,True,True,True,False,,,,
6,Move Earth,,,,,,,,,,,,,,Transmutation,No,PHB,263,False,False,True,False,False,True,True,False,False,,,,
6,Freezing Sphere,10d6,1d6,,,Cold,CON,Half,True,,,,,,Evocation,No,PHB,263,False,False,False,False,False,False,True,False,False,,,,
6,Irresistible Dance,,,,,,,,,,,,,True,Enchantment,No,PHB,264,True,False,False,False,False,False,True,False,False,,,,
6,Planar Ally,,,,,,,,,,,,True,,Conjuration,No,PHB,265,False,True,False,False,False,False,False,False,False,,,,
6,Programmed Illusion,,,,,,,,,,,,,,Illusion,No,PHB,268,True,False,False,False,False,False,True,False,False,,,,
6,Sunbeam,6d8,,,,Radiant,CON,Half,True,,,,,,Evocation,No,PHB,279,False,False,True,False,False,True,True,False,False,good,,,
6,Transport via Plants,,,,,,,,,,,,,,Conjuration,No,PHB,283,False,False,True,False,False,False,False,False,False,,,,
6,True Seeing,,,,,,,,,,,,,,Divination,No,PHB,284,True,True,False,False,False,True,True,True,False,,,,
6,Wall of Ice,10d6,2d6,,,Cold,DEX,Half,True,,,,,,Evocation,No,PHB,285,False,False,False,False,False,False,True,False,False,,,,
6,Wall of Thorns,7d8,1d8,,,Piercing,DEX,Half,True,,,,,,Conjuration,No,PHB,287,False,False,True,False,False,False,False,False,False,,,,
6,Wind Walk,,,,,,,,,,,,True,,Transmutation,No,PHB,288,False,False,True,False,False,False,False,False,False,,,,
6,Word of Recall,,,,,,,,,,,,,,Conjuration,No,PHB,289,False,True,False,False,False,False,False,False,False,,,,
7,Conjure Celestial,,,,,,,,,,,,True,,Conjuration,No,PHB,225,False,True,False,False,False,False,False,False,False,,,,
7,Delayed Blast Fireball,12d6,1d6,,,Fire,DEX,Half,True,,,,,,Evocation,No,PHB,230,False,False,False,False,False,True,True,False,False,,,,
7,Divine Word,,,,,,CHA,Fail,True,,,,,True,Evocation,No,PHB,234,False,True,False,False,False,False,True,False,False,,,,
7,Etherealness,,,,,,,,,,,,,,Transmutation,No,PHB,238,True,False,False,False,False,True,True,True,False,,,,
7,Finger of Death,7d8+30,,,,Necrotic,CON,Half,,,,,,,Necromancy,No,PHB,241,False,False,False,False,False,True,True,True,False,evil,,True,
7,Fire Storm,7d10,,,,Fire,DEX,Half,True,,,,,,Evocation,No,PHB,242,False,True,True,False,False,True,False,False,False,,,,True
7,Forcecage,,,,,,,,True,,,,,,Evocation,No,PHB,243,True,False,False,False,False,False,True,True,False,,,,
7,Mirage Arcane,,,,,,,,,,,,True,True,Illusion,No,PHB,260,False,False,True,False,False,False,True,False,False,,,,
7,Magnificent Mansion,,,,,,,,,,,,True,,Conjuration,No,PHB,261,True,False,False,False,False,False,True,False,False,,,,
7,Mordenkainen's Sword,3d10,,,,Force,melee_spell,Miss,,,,,,True,Evocation,No,PHB,262,True,False,False,False,False,False,True,False,False,,,,
7,Plane Shift,,,,,,melee_spell,Miss,,,,,,,Conjuration,No,PHB,266,False,True,False,False,False,True,True,True,False,,,,
7,Prismatic Spray,10d6,,,,Random,DEX,Half,True,,,,,,Evocation,No,PHB,267,False,False,False,False,False,True,True,False,False,,,,
7,Project Image,,,,,,,,,,,,,True,Illusion,No,PHB,270,True,False,False,False,False,False,True,False,False,,,,
7,Regenerate,,,,,,,,,,4d8+15,1d8,True,,Transmutation,No,PHB,271,True,True,True,False,False,False,False,False,False,,,,
7,Resurrection,,,,,,,,,,,,True,,Necromancy,No,PHB,272,True,True,False,False,False,False,False,False,False,good,,,
7,Reverse Gravity,,,,,Bludgeoning,,,True,,,,,,Transmutation,No,PHB,272,False,False,True,False,False,True,True,False,False,,,,
7,Sequester,,,,,,,,,,,,,True,Transmutation,No,PHB,274,False,False,False,False,False,False,True,False,False,,,,
7,Simulacrum,,,,,,,,,,,,True,True,Illusion,No,PHB,276,False,False,False,False,False,False,True,False,False,,,,
7,Symbol,,,,,Necrotic,CON,Half,True,,,,True,True,Abjuration,No,PHB,280,True,True,False,False,False,False,True,False,False,,,,
7,Teleport,,,,,,,,,,,,,,Conjuration,No,PHB,281,True,False,False,False,False,True,True,False,False,,,,
8,Animal Shapes,,,,,,,,,,,,,,Transmutation,No,PHB,212,False,False,True,False,False,False,False,False,False,,,,
8,Antimagic Field,,,,,,,,,,,,,,Abjuration,No,PHB,213,False,True,False,False,False,False,True,False,False,,,,
8,Antipathy/Sympathy,,,,,,WIS,Fail,,,,,True,,Enchantment,No,PHB,214,False,False,True,False,False,False,True,False,False,,,,
8,Clone,,,,,,,,,,,,True,,Necromancy,No,PHB,222,False,False,False,False,False,False,True,False,False,,,,
8,Control Weather,,,,,,,,,,,,True,,Transmutation,No,PHB,228,False,True,True,False,False,False,True,False,False,,,,
8,Demiplane,,,,,,,,,,,,,,Conjuration,No,PHB,231,False,False,False,False,False,False,True,True,False,,,,
8,Dominate Monster,,,,,,WIS,Fail,,,,,,,Enchantment,No,PHB,234,True,False,False,False,False,True,True,True,False,,,,
8,Earthquake,5d6,,,,Bludgeoning,DEX,Fail,True,,,,,,Evocation,No,PHB,235,False,True,True,False,False,True,False,False,False,,,,
8,Feeblemind,4d6,,,,Psychic,INT,Fail,,,,,,,Enchantment,No,PHB,239,True,False,False,False,False,False,True,True,False,,,,
8,Glibness,,,,,,,,,True,,,,,Transmutation,No,PHB,245,True,False,False,False,False,False,False,True,False,,,,
8,Holy Aura,,,,,,,,,True,,,,,Abjuration,No,PHB,251,False,True,False,False,False,False,False,False,False,good,,,
8,Incendiary Cloud,10d8,,,,Fire,DEX,Half,True,,,,,,Conjuration,No,PHB,253,False,False,False,False,False,True,True,False,False,,,True,True
8,Maze,,,,,,,,,,,,,,Conjuration,No,PHB,258,False,False,False,False,False,False,True,False,False,,,,
8,Mind Blank,,,,,,,,,,,,,,Abjuration,No,PHB,259,True,False,False,False,False,False,True,False,False,,,,
8,Power Word Stun,,,,,,CON,Fail,,,,,,,Enchantment,No,PHB,267,True,False,False,False,False,True,True,True,False,,,,
8,Sunburst,12d6,,,,Radiant,CON,Half,True,,,,,,Evocation,No,PHB,279,False,False,False,False,False,True,True,False,False,good,,,
8,Telepathy,,,,,,,,,,,,,,Evocation,No,PHB_MISSING,281,False,False,False,False,False,False,True,False,False,,,,
8,Tsunami,6d10,,,,Bludgeoning,STR,Half,True,,,,True,,Conjuration,No,PHB_MISSING,284,False,False,True,False,False,False,False,False,False,,,,
9,Astral Projection,,,,,,,,,,,,True,,Necromancy,No,PHB,215,False,True,False,False,False,False,True,True,False,,,,
9,Foresight,,,,,,,,,,,,True,,Divination,No,PHB,244,True,False,True,False,False,False,True,True,False,,,,
9,Gate,,,,,,,,,,,,,,Conjuration,No,PHB,244,False,True,False,False,False,True,True,False,False,,,,
9,Imprisonment,,,,,,WIS,Fail,,,,,True,,Abjuration,No,PHB,252,False,False,False,False,False,False,True,True,False,,,,
9,Mass Heal,,,,,,,,True,,700,,,,Conjuration,No,PHB,258,False,True,False,False,False,False,False,False,False,,,,
9,Meteor Swarm,40d6,,,,Fire,DEX,Half,True,,,,,,Evocation,No,PHB,259,False,False,False,False,False,True,True,False,False,,,True,True
9,Power Word Heal,,,,,,,,,,999,,,,Evocation,No,PHB_MISSING,266,True,False,False,False,False,False,False,False,False,,,,
9,Power Word Kill,100,,,,,ranged_spell,Auto,,,,,,,Enchantment,No,PHB,266,True,False,False,False,False,True,True,True,False,,,,
9,Prismatic Wall,10d6,,,,Random,DEX,Half,True,,,,,,Abjuration,No,PHB,267,False,False,False,False,False,False,True,False,False,,,,
9,Shapechange,,,,,,,,,,,,,,Transmutation,No,PHB,274,False,False,True,False,False,False,True,False,False,,,,
9,Storm of Vengeance,10d6,,,,Thunder,CON,Fail,True,,,,,,Conjuration,No,PHB,279,False,False,True,False,False,False,False,False,False,,,,
9,Time Stop,,,,,,,,,,,,,,Transmutation,No,PHB,283,False,False,False,False,False,True,True,False,False,,,,
9,True Polymorph,,,,,,,,,,,,,,Transmutation,No,PHB,283,True,False,False,False,False,False,True,True,False,,,,
9,True Resurrection,,,,,,,,,,,,True,,Necromancy,No,PHB,284,False,True,True,False,False,False,False,False,False,,,,
9,Weird,4d10,,,,Psychic,WIS,Fail,True,,,,,,Illusion,No,PHB,288,False,False,False,False,False,False,True,False,False,,,,
9,Wish,,,,,,,,,,,,,,Conjuration,No,PHB,288,False,False,False,False,False,True,True,False,False,,,,
